year,month,temperature,sea_level,precipitation_rate
1976.083333,1,22.13,0.55,3.1
1976.166667,2,23.47,0.54,2.5
1976.25,3,23.71,0.51,4.6
1976.333333,4,22.75,0.51,16.3
1976.416667,5,21.96,0.52,8.1
1976.5,6,21.54,0.58,8.600000000000001
1976.583333,7,21.23,0.6,3.4000000000000004
1976.666667,8,22.07,0.55,3.6000000000000005
1976.75,9,22.34,0.54,6.4
1976.833333,10,21.93,0.56,10.8
1976.916667,11,22.13,0.6,15.4
1977,12,22.25,0.64,19.1
1977.083333,1,22.61,0.58,4.9
1977.166667,2,23.17,0.53,5.800000000000001
1977.25,3,22.98,0.51,9.700000000000001
1977.333333,4,22.77,0.49,10.8
1977.416667,5,21.89,0.51,7.1000000000000005
1977.5,6,21.53,0.57,2.3
1977.583333,7,21.69,0.58,2.7
1977.666667,8,22.04,0.55,3.6999999999999997
1977.75,9,22.16,0.54,9.8
1977.833333,10,22.42,0.54,11.9
1977.916667,11,22.11,0.59,17.4
1978,12,22.22,0.66,13.5
1978.083333,1,22.65,0.65,7.5
1978.166667,2,23.23,0.58,7.200000000000001
1978.25,3,22.99,0.53,11.299999999999999
1978.333333,4,23.24,0.5,9.000000000000002
1978.416667,5,22.54,0.51,13.5
1978.5,6,21.39,0.53,3.1
1978.583333,7,21.49,0.53,1.8000000000000003
1978.666667,8,21.55,0.53,4.300000000000001
1978.75,9,21.62,0.54,6.800000000000001
1978.833333,10,21.97,0.54,13.3
1978.916667,11,22.17,0.55,13.4
1979,12,21.99,0.57,17.599999999999998
1979.083333,1,22.37,0.6,8.600000000000001
1979.166667,2,22.38,0.56,7.3999999999999995
1979.25,3,22.37,0.52,10.500000000000002
1979.333333,4,22.29,0.5,14.499999999999998
1979.416667,5,21.9,0.53,7.7
1979.5,6,21.09,0.56,1.3
1979.583333,7,21.49,0.58,3.3000000000000003
1979.666667,8,22.06,0.58,3.2
1979.75,9,22.41,0.57,9.4
1979.833333,10,22.65,0.57,10.6
1979.916667,11,22.61,0.57,13.999999999999998
1980,12,22.79,0.64,12.1
1980.083333,1,22.72,0.66,7.7
1980.166667,2,23.43,0.57,7.7
1980.25,3,23.16,0.5,13.999999999999998
1980.333333,4,22.94,0.48,12.9
1980.416667,5,21.89,0.5,6.499999999999999
1980.5,6,21.79,0.54,5.8999999999999995
1980.583333,7,21.23,0.55,2.3
1980.666667,8,21.81,0.53,3.1
1980.75,9,21.9,0.53,8.399999999999999
1980.833333,10,21.93,0.53,10.2
1980.916667,11,22.11,0.54,14.400000000000002
1981,12,21.85,0.52,13.5
1981.083333,1,21.65,0.5,7.5
1981.166667,2,21.81,0.5,8.1
1981.25,3,22.67,0.5,13.4
1981.333333,4,22.48,0.5,17.5
1981.416667,5,21.58,0.53,8
1981.5,6,20.54,0.56,1.9
1981.583333,7,21.36,0.57,1.7000000000000002
1981.666667,8,21.93,0.56,3.0000000000000004
1981.75,9,22.66,0.55,6.2
1981.833333,10,22.38,0.56,9.3
1981.916667,11,22.3,0.56,16
1982,12,22.37,0.59,14.3
1982.083333,1,22.59,0.59,5
1982.166667,2,22.53,0.55,6.800000000000001
1982.25,3,22.49,0.52,15.5
1982.333333,4,22.39,0.51,12.3
1982.416667,5,22.63,0.54,10.7
1982.5,6,22.1,0.57,6.499999999999999
1982.583333,7,22.01,0.6,1.9
1982.666667,8,22.79,0.58,2.7
1982.75,9,22.44,0.57,5.800000000000001
1982.833333,10,22.26,0.57,11.200000000000001
1982.916667,11,22.57,0.59,13.799999999999999
1983,12,22.7,0.62,12.5
1983.083333,1,22.96,0.65,5.1
1983.166667,2,23.55,0.58,6.999999999999999
1983.25,3,23.62,0.54,11.299999999999999
1983.333333,4,22.94,0.5,11.1
1983.416667,5,21.91,0.55,5
1983.5,6,21.47,0.58,2.4
1983.583333,7,21.96,0.61,2.1999999999999997
1983.666667,8,22.77,0.61,3.4999999999999996
1983.75,9,23.29,0.57,6.6000000000000005
1983.833333,10,24.15,0.6,7.7
1983.916667,11,22.82,0.68,9.3
1984,12,23.04,0.84,12.2
1984.083333,1,24,0.93,4.1000000000000005
1984.166667,2,25.49,0.76,5.800000000000001
1984.25,3,24.57,0.64,13.4
1984.333333,4,23.85,0.61,19.799999999999997
1984.416667,5,24.02,0.65,15.4
1984.5,6,22.8,0.6,4.6
1984.583333,7,22.1,0.55,1.9
1984.666667,8,22.03,0.52,7.1000000000000005
1984.75,9,22.02,0.51,6.8999999999999995
1984.833333,10,22.16,0.51,12.3
1984.916667,11,22.11,0.53,17.1
1985,12,21.72,0.54,17.7
1985.083333,1,21.68,0.51,9.1
1985.166667,2,21.52,0.48,9.3
1985.25,3,22,0.5,13.899999999999999
1985.333333,4,22.14,0.52,19.799999999999997
1985.416667,5,21.2,0.58,8.3
1985.5,6,20.5,0.59,2.6
1985.583333,7,20.93,0.58,1.7000000000000002
1985.666667,8,21.93,0.58,2.9000000000000004
1985.75,9,22.03,0.59,10.6
1985.833333,10,22.14,0.59,13.100000000000001
1985.916667,11,22.29,0.59,17.3
1986,12,22.29,0.57,17.200000000000003
1986.083333,1,22.22,0.55,9.899999999999999
1986.166667,2,22.56,0.53,8.399999999999999
1986.25,3,23.24,0.51,11
1986.333333,4,22.97,0.5,11.799999999999999
1986.416667,5,22.02,0.52,7.3999999999999995
1986.5,6,21.54,0.55,2.7
1986.583333,7,21.71,0.57,1.6
1986.666667,8,21.91,0.55,3.0000000000000004
1986.75,9,22.74,0.57,2.8000000000000003
1986.833333,10,23.25,0.59,7.200000000000001
1986.916667,11,22.76,0.64,13.3
1987,12,22.84,0.69,10.8
1987.083333,1,23.66,0.69,2.9000000000000004
1987.166667,2,24.73,0.62,1.7000000000000002
1987.25,3,24.57,0.56,7.3999999999999995
1987.333333,4,23.67,0.55,12.9
1987.416667,5,23.13,0.59,9.700000000000001
1987.5,6,22.41,0.69,3.0000000000000004
1987.583333,7,23.48,0.71,2.0999999999999996
1987.666667,8,25.42,0.68,4.500000000000001
1987.75,9,25.33,0.6,6.4
1987.833333,10,23.95,0.61,11.299999999999999
1987.916667,11,24.19,0.72,8.799999999999999
1988,12,24.77,0.94,2.9000000000000004
1988.083333,1,26.73,0.8,1.8000000000000003
1988.166667,2,27.57,0.64,2.0999999999999996
1988.25,3,25.9,0.57,13.5
1988.333333,4,24.31,0.57,13.899999999999999
1988.416667,5,23.65,0.65,13.699999999999998
1988.5,6,23.6,0.61,5.800000000000001
1988.583333,7,22.89,0.57,2.8000000000000003
1988.666667,8,22.25,0.56,7.6
1988.75,9,22.64,0.54,9.6
1988.833333,10,22.54,0.53,12.9
1988.916667,11,21.63,0.55,11.299999999999999
1989,12,21.52,0.54,15.2
1989.083333,1,22.06,0.51,13.5
1989.166667,2,21.97,0.5,14.6
1989.25,3,22.15,0.49,16.5
1989.333333,4,22.2,0.53,14.499999999999998
1989.416667,5,20.96,0.56,3.4000000000000004
1989.5,6,21.87,0.57,3.2
1989.583333,7,21.72,0.55,3.6999999999999997
1989.666667,8,21.65,0.55,4.300000000000001
1989.75,9,21.83,0.57,8.799999999999999
1989.833333,10,22.25,0.58,12.999999999999998
1989.916667,11,21.43,0.57,10.100000000000001
1990,12,21.4,0.56,7.5
1990.083333,1,21.81,0.53,10.299999999999999
1990.166667,2,22.4,0.51,9.5
1990.25,3,22.46,0.51,15
1990.333333,4,22.31,0.5,11.1
1990.416667,5,21.35,0.51,3.9
1990.5,6,22.27,0.53,2.8000000000000003
1990.583333,7,21.65,0.55,1.9
1990.666667,8,22.47,0.58,2.1999999999999997
1990.75,9,22.57,0.59,6.7
1990.833333,10,23.08,0.58,12.7
1990.916667,11,22.67,0.57,13.5
1991,12,22.64,0.59,13.5
1991.083333,1,22.82,0.62,9.4
1991.166667,2,23.03,0.56,4.500000000000001
1991.25,3,23.2,0.52,11.7
1991.333333,4,23.07,0.51,12.4
1991.416667,5,22.68,0.55,8
1991.5,6,21.74,0.6,3.6000000000000005
1991.583333,7,22,0.6,1.0999999999999999
1991.666667,8,23.81,0.58,1.2
1991.75,9,24.07,0.57,5
1991.833333,10,23.44,0.59,9.5
1991.916667,11,22.81,0.66,10.299999999999999
1992,12,23.08,0.76,3.9
1992.083333,1,25.42,0.89,1.7000000000000002
1992.166667,2,25.53,0.83,7.3999999999999995
1992.25,3,25.17,0.8,10.7
1992.333333,4,24.56,0.68,18.2
1992.416667,5,23.41,0.65,8.600000000000001
1992.5,6,23.35,0.62,4.3999999999999995
1992.583333,7,23.41,0.57,4.300000000000001
1992.666667,8,22.82,0.54,6.7
1992.75,9,22.5,0.52,8.600000000000001
1992.833333,10,22.36,0.51,8.600000000000001
1992.916667,11,21.79,0.52,13.600000000000001
1993,12,21.68,0.52,11.4
1993.083333,1,21.98,0.52,11.1
1993.166667,2,22.28,0.49,11.1
1993.25,3,22.44,0.5,13.3
1993.333333,4,22.38,0.52,14.100000000000001
1993.416667,5,21.63,0.55,7.9
1993.5,6,21.25,0.58,7.7
1993.583333,7,20.6,0.58,0.7000000000000001
1993.666667,8,21.3,0.57,4.9
1993.75,9,21.67,0.58,8.9
1993.833333,10,22.07,0.55,12.9
1993.916667,11,22.04,0.55,12.3
1994,12,21.48,0.56,15.100000000000001
1994.083333,1,21.71,0.54,12.3
1994.166667,2,22.15,0.52,8.9
1994.25,3,22.35,0.5,14.3
1994.333333,4,22.48,0.51,11.5
1994.416667,5,21.93,0.52,8.3
1994.5,6,21.15,0.56,3.9
1994.583333,7,21.1,0.57,1.6
1994.666667,8,21.64,0.57,3.6999999999999997
1994.75,9,22.29,0.58,8.1
1994.833333,10,22.62,0.58,13.100000000000001
1994.916667,11,22.26,0.61,15.2
1995,12,22.36,0.66,16
1995.083333,1,22.61,0.58,6.999999999999999
1995.166667,2,22.8,0.52,7.3
1995.25,3,22.81,0.49,10.8
1995.333333,4,22.71,0.5,16.6
1995.416667,5,21.52,0.54,7.6
1995.5,6,21.24,0.55,1.6
1995.583333,7,22.23,0.57,2.9000000000000004
1995.666667,8,21.97,0.57,5
1995.75,9,22.84,0.59,5.2
1995.833333,10,23.68,0.6,8.7
1995.916667,11,23.16,0.63,14.200000000000001
1996,12,23.64,0.76,10.7
1996.083333,1,23.59,0.71,4.7
1996.166667,2,24.31,0.71,9.3
1996.25,3,24.63,0.62,8.600000000000001
1996.333333,4,24.64,0.61,14.499999999999998
1996.416667,5,24.18,0.64,11.799999999999999
1996.5,6,23.31,0.65,1.2
1996.583333,7,24.14,0.65,2.9000000000000004
1996.666667,8,24.74,0.61,2.9000000000000004
1996.75,9,23.79,0.58,8.9
1996.833333,10,24.05,0.57,12.5
1996.916667,11,23.44,0.58,10.100000000000001
1997,12,23.54,0.61,5.1
1997.083333,1,24.71,0.62,2.8000000000000003
1997.166667,2,25.54,0.58,2.6
1997.25,3,24.22,0.55,10.8
1997.333333,4,23.76,0.52,15.9
1997.416667,5,22.69,0.54,6.2
1997.5,6,22.06,0.55,3.9
1997.583333,7,22.06,0.55,2.9000000000000004
1997.666667,8,22.41,0.54,5.7
1997.75,9,22.47,0.54,8.1
1997.833333,10,22.63,0.56,13.699999999999998
1997.916667,11,22.68,0.58,12.1
1998,12,22.73,0.61,18.3
1998.083333,1,22.74,0.61,13.5
1998.166667,2,23.02,0.58,11.7
1998.25,3,23,0.56,13.799999999999999
1998.333333,4,22.94,0.52,13.5
1998.416667,5,22.39,0.52,11.200000000000001
1998.5,6,21.31,0.53,3.4999999999999996
1998.583333,7,21.31,0.54,2.7
1998.666667,8,21.37,0.53,4.3999999999999995
1998.75,9,21.73,0.52,9.4
1998.833333,10,22.12,0.53,11.200000000000001
1998.916667,11,22.15,0.54,14.899999999999999
1999,12,21.64,0.54,18.2
1999.083333,1,22.23,0.52,11.799999999999999
1999.166667,2,22.27,0.51,16.9
1999.25,3,22.64,0.51,17.1
1999.333333,4,22.29,0.53,12.4
1999.416667,5,22.17,0.55,8.5
1999.5,6,21.39,0.57,1.4000000000000001
1999.583333,7,21.5,0.59,2.0999999999999996
1999.666667,8,22.56,0.61,1.8000000000000003
1999.75,9,24.1,0.61,3.4999999999999996
1999.833333,10,23.58,0.6,11.5
1999.916667,11,22.75,0.56,15.2
2000,12,22.53,0.58,14.3
2000.083333,1,22.93,0.59,9.000000000000002
2000.166667,2,23.35,0.53,7.1000000000000005
2000.25,3,23.12,0.5,13.4
2000.333333,4,23.34,0.49,14.3
2000.416667,5,23.05,0.53,11.600000000000001
2000.5,6,21.93,0.58,3.6000000000000005
2000.583333,7,21.97,0.6,1.8000000000000003
2000.666667,8,23.14,0.57,3.4999999999999996
2000.75,9,23.07,0.56,8.600000000000001
2000.833333,10,22.93,0.58,13.200000000000001
2000.916667,11,22.94,0.6,10.299999999999999
2001,12,22.92,0.6,9.000000000000002
2001.083333,1,23.24,0.59,9.6
2001.166667,2,23.47,0.54,9.5
2001.25,3,23.75,0.52,11.9
2001.333333,4,23.47,0.51,12.7
2001.416667,5,22.84,0.53,5.800000000000001
2001.5,6,22.57,0.58,4
2001.583333,7,23.2,0.62,3.4999999999999996
2001.666667,8,23.69,0.57,2.5
2001.75,9,24.48,0.59,3.6999999999999997
2001.833333,10,23.72,0.58,12.3
2001.916667,11,24.06,0.66,10.2
2002,12,24.14,0.77,5.1
2002.083333,1,24.93,0.96,6.499999999999999
2002.166667,2,26.35,0.84,5.7
2002.25,3,25.23,0.71,20.900000000000002
2002.333333,4,24.84,0.65,20
2002.416667,5,24.09,0.62,11.9
2002.5,6,24.11,0.6,4.7
2002.583333,7,23.92,0.56,4
2002.666667,8,23.42,0.54,6.4
2002.75,9,23.25,0.53,11.4
2002.833333,10,23.43,0.52,15.2
2002.916667,11,22.81,0.53,15.4
2003,12,22.69,0.54,14.7
2003.083333,1,22.39,0.51,15.299999999999999
2003.166667,2,22.56,0.51,13.699999999999998
2003.25,3,23.03,0.48,15
2003.333333,4,22.84,0.49,16.2
2003.416667,5,22.11,0.5,8.799999999999999
2003.5,6,21.64,0.51,2.8000000000000003
2003.583333,7,21.35,0.52,2.6
2003.666667,8,21.85,0.53,3.4999999999999996
2003.75,9,21.94,0.55,8.600000000000001
2003.833333,10,22.44,0.56,10.299999999999999
2003.916667,11,22.27,0.56,12.4
2004,12,22.33,0.55,13.999999999999998
2004.083333,1,22.68,0.52,6.499999999999999
2004.166667,2,22.9,0.52,8.5
2004.25,3,22.85,0.5,13.100000000000001
2004.333333,4,22.86,0.5,12.8
2004.416667,5,22.25,0.51,4.1000000000000005
2004.5,6,22.15,0.55,4.1000000000000005
2004.583333,7,22.15,0.58,1.7000000000000002
2004.666667,8,22.7,0.57,5.1
2004.75,9,23.59,0.55,6.499999999999999
2004.833333,10,23.14,0.56,9.4
2004.916667,11,22.75,0.6,18.4
2005,12,23.22,0.67,12.2
2005.083333,1,23.13,0.61,6.4
2005.166667,2,23.44,0.53,12.5
2005.25,3,23.68,0.49,12.1
2005.333333,4,22.89,0.48,10.500000000000002
2005.416667,5,21.92,0.52,5.2
2005.5,6,22.1,0.52,1.4000000000000001
2005.583333,7,22.14,0.55,2.6
2005.666667,8,23.3,0.56,1.5000000000000002
2005.75,9,23.15,0.54,7.1000000000000005
2005.833333,10,23.38,0.55,6.8999999999999995
2005.916667,11,23.05,0.54,12.2
2006,12,23.02,0.55,15.100000000000001
2006.083333,1,23.04,0.58,5.2
2006.166667,2,23.39,0.56,9.5
2006.25,3,23.56,0.53,14.200000000000001
2006.333333,4,23.67,0.52,11.7
2006.416667,5,22.87,0.55,5.800000000000001
2006.5,6,22.89,0.62,5.7
2006.583333,7,23.07,0.65,2.6
2006.666667,8,24.45,0.57,3.1
2006.75,9,24.15,0.57,6.1
2006.833333,10,23.8,0.59,11.299999999999999
2006.916667,11,23.88,0.68,13.799999999999999
2007,12,24.06,0.76,13.899999999999999
2007.083333,1,24.44,0.87,5.4
2007.166667,2,25.15,0.77,10.900000000000002
2007.25,3,25.6,0.67,11.9
2007.333333,4,24.69,0.61,13.999999999999998
2007.416667,5,23.26,0.58,6.000000000000001
2007.5,6,23.55,0.6,4.300000000000001
2007.583333,7,23.47,0.58,1.7000000000000002
2007.666667,8,23.16,0.57,7.1000000000000005
2007.75,9,23.32,0.55,8.3
2007.833333,10,23.59,0.53,12.3
2007.916667,11,23.31,0.53,14.400000000000002
2008,12,22.81,0.53,21.4
2008.083333,1,23.02,0.51,11.799999999999999
2008.166667,2,22.83,0.51,10.7
2008.25,3,22.75,0.49,14.3
2008.333333,4,22.78,0.47,12.7
2008.416667,5,22.06,0.48,6.499999999999999
2008.5,6,21.63,0.51,1.5000000000000002
2008.583333,7,21.28,0.51,2.5
2008.666667,8,21.85,0.53,2.7
2008.75,9,21.97,0.53,8.3
2008.833333,10,22.58,0.53,12.2
2008.916667,11,22.44,0.52,14.499999999999998
2009,12,22.09,0.54,14.499999999999998
2009.083333,1,22.57,0.53,10.8
2009.166667,2,22.77,0.51,8.9
2009.25,3,23.1,0.51,15.299999999999999
2009.333333,4,22.99,0.52,15.9
2009.416667,5,21.73,0.58,6.4
2009.5,6,21.98,0.6,3.3000000000000003
2009.583333,7,22.76,0.58,2.4
2009.666667,8,23.46,0.55,1.7000000000000002
2009.75,9,23.81,0.57,4.8
2009.833333,10,23.23,0.59,10.4
2009.916667,11,23.33,0.62,15.8
2010,12,23.61,0.66,17.5
2010.083333,1,23.98,0.64,7.1000000000000005
2010.166667,2,24.01,0.62,9.3
2010.25,3,24.46,0.57,13.799999999999999
2010.333333,4,24.51,0.53,15.100000000000001
2010.416667,5,23.32,0.57,9.700000000000001
2010.5,6,22.99,0.69,1.7000000000000002
2010.583333,7,23.82,0.65,3.6000000000000005
2010.666667,8,24.01,0.57,2
2010.75,9,23.79,0.54,8.3
2010.833333,10,23.71,0.55,9.4
2010.916667,11,23.55,0.57,13.899999999999999
2011,12,23.46,0.57,9.000000000000002
2011.083333,1,23.82,0.56,8.600000000000001
2011.166667,2,23.84,0.52,11
2011.25,3,23.84,0.5,18.8
2011.333333,4,23.78,0.5,16.3
2011.416667,5,23.51,0.52,12.1
2011.5,6,21.48,0.53,3.9
2011.583333,7,21.59,0.54,2.6
2011.666667,8,21.94,0.52,4.8
2011.75,9,22.34,0.51,8.799999999999999
2011.833333,10,22.66,0.52,10
2011.916667,11,22.37,0.52,15.299999999999999
2012,12,21.79,0.52,13.699999999999998
2012.083333,1,22.11,0.5,13.799999999999999
2012.166667,2,22.6,0.5,12.6
2012.25,3,22.82,0.52,14.100000000000001
2012.333333,4,22.64,0.55,15.299999999999999
2012.416667,5,22.34,0.58,8.1
2012.5,6,22.07,0.62,2.7
2012.583333,7,22.17,0.61,1.7000000000000002
2012.666667,8,23.72,0.57,1.2
2012.75,9,23.76,0.58,6.1
2012.833333,10,23.27,0.55,13.600000000000001
2012.916667,11,22.94,0.55,12.7
2013,12,23.04,0.56,11.9
2013.083333,1,23.11,0.56,7.200000000000001
2013.166667,2,24,0.53,2.3
2013.25,3,23.65,0.52,9.899999999999999
2013.333333,4,23.79,0.5,9.000000000000002
2013.416667,5,23.46,0.52,11
2013.5,6,22.96,0.55,3.3000000000000003
2013.583333,7,22.55,0.56,2.4
2013.666667,8,23.99,0.56,1.3
2013.75,9,23.84,0.55,4.3999999999999995
2013.833333,10,23.54,0.55,7.7
2013.916667,11,23.45,0.56,14.499999999999998
2014,12,23.22,0.56,11.299999999999999
2014.083333,1,23.54,0.54,3.1
2014.166667,2,23.9,0.52,5.4
2014.25,3,23.55,0.53,13.100000000000001
2014.333333,4,23.79,0.51,11.9
2014.416667,5,23.11,0.54,8.799999999999999
2014.5,6,22.75,0.6,1.7000000000000002
2014.583333,7,23.49,0.59,1.9
2014.666667,8,24.01,0.57,2.8000000000000003
2014.75,9,23.74,0.59,7.1000000000000005
2014.833333,10,23.79,0.59,10.2
2014.916667,11,23.69,0.6,9.5
2015,12,23.87,0.65,6.7
2015.083333,1,24.63,0.69,2.0999999999999996
2015.166667,2,26.26,0.69,2.7
2015.25,3,25.19,0.66,10.2
2015.333333,4,25.39,0.62,12.000000000000002
2015.416667,5,24.77,0.66,9.700000000000001
2015.5,6,24.8,0.66,1.7000000000000002
2015.583333,7,24.65,0.62,7.8
2015.666667,8,23.9,0.57,10.900000000000002
2015.75,9,23.68,0.56,13.3
2015.833333,10,23.63,0.55,10.8
2015.916667,11,23.56,0.56,13.200000000000001
2016,12,23.12,0.56,16.1
2016.083333,1,22.72,0.54,13.999999999999998
2016.166667,2,23.18,0.51,10.8
2016.25,3,23.5,0.52,14.799999999999999
2016.333333,4,23.41,0.53,14.400000000000002
2016.416667,5,22.14,0.54,2.7
2016.5,6,21.94,0.57,1.7000000000000002
2016.583333,7,22.42,0.56,2.7
2016.666667,8,22.78,0.58,4.8
2016.75,9,22.83,0.58,8.5
2016.833333,10,23.12,0.56,14.3
2016.916667,11,23.14,0.59,14.400000000000002
2017,12,23.06,0.63,17.4
2017.083333,1,23.4,0.61,10.6
2017.166667,2,23.72,0.57,11.7
2017.25,3,23.98,0.57,15.7
2017.333333,4,23.82,0.56,11.299999999999999
2017.416667,5,22.92,0.56,6.499999999999999
2017.5,6,22.89,0.59,6.3
2017.583333,7,22.74,0.6,1.9
2017.666667,8,23.82,0.58,3.8
2017.75,9,23.61,0.56,10.900000000000002
2017.833333,10,23.7,0.59,13.3
2017.916667,11,23.62,0.62,18.1
2018,12,23.98,0.62,17.3
2018.083333,1,23.81,0.55,9.2
2018.166667,2,23.86,0.52,7.6
2018.25,3,24.19,0.51,7.1000000000000005
2018.333333,4,24.06,0.5,15.5
2018.416667,5,23.5,0.5,8.799999999999999
2018.5,6,22.34,0.52,3.6999999999999997
2018.583333,7,21.99,0.51,2.5
2018.666667,8,21.97,0.5,6.000000000000001
2018.75,9,22.21,0.51,8.1
2018.833333,10,22.94,0.51,10.299999999999999
2018.916667,11,22.29,0.51,13.999999999999998
2019,12,22.23,0.52,12.5
2019.083333,1,22.5,0.49,13.3
2019.166667,2,22.73,0.49,13.4
2019.25,3,22.95,0.48,15.7
2019.333333,4,22.63,0.51,12.9
2019.416667,5,22.2,0.55,6.499999999999999
2019.5,6,22,0.58,2
2019.583333,7,22.11,0.56,1.4000000000000001
2019.666667,8,23.17,0.56,2.8000000000000003
2019.75,9,22.96,0.57,10
2019.833333,10,23.08,0.55,10.7
2019.916667,11,22.99,0.54,15.7
2020,12,22.85,0.54,9.5
2020.083333,1,22.79,0.55,3.1
2020.166667,2,24.38,0.52,3.8
2020.25,3,23.73,0.48,13.999999999999998
2020.333333,4,23.4,0.49,11.5
2020.416667,5,23.22,0.53,9.5
2020.5,6,22.84,0.57,3.3000000000000003
2020.583333,7,22.74,0.59,2.4
2020.666667,8,23.44,0.57,2.8000000000000003
2020.75,9,23.54,0.55,8.3
2020.833333,10,23.46,0.59,10.299999999999999
2020.916667,11,23.68,0.64,20.599999999999998
2021,12,23.9,0.7,12.2
2021.083333,1,24.67,0.67,3.8
2021.166667,2,25,0.58,3.1
2021.25,3,25.87,0.59,6.800000000000001
2021.333333,4,24.8,0.55,16.6
2021.416667,5,24.04,0.56,10
2021.5,6,23.43,0.65,2
2021.583333,7,24.54,0.62,2.4
2021.666667,8,24.64,0.57,3.4999999999999996
2021.75,9,24.8,0.55,5.5
2021.833333,10,24.06,0.55,13.699999999999998
2021.916667,11,23.79,0.56,13.4
2022,12,23.76,0.6,16.1
2022.083333,1,24.11,0.6,6.4
2022.166667,2,24.62,0.59,6.999999999999999
2022.25,3,24.59,0.56,14.799999999999999
2022.333333,4,24.57,0.55,19
2022.416667,5,23.98,0.54,7.6
2022.5,6,23.59,0.57,2.7
2022.583333,7,22.88,0.57,3.8
2022.666667,8,23.09,0.55,6.499999999999999
2022.75,9,23.23,0.55,9.700000000000001
2022.833333,10,23.42,0.56,12.999999999999998
2022.916667,11,23.2,0.58,14.400000000000002
2023,12,23.3,0.6,19.799999999999997
2023.083333,1,23.36,0.58,10.6
2023.166667,2,23.47,0.51,10.4
2023.25,3,23.58,0.48,10.500000000000002
2023.333333,4,22.78,0.49,9.6
2023.416667,5,22.39,0.5,4.1000000000000005
2023.5,6,21.85,0.52,4
2023.583333,7,21.56,0.52,0.9000000000000001
2023.666667,8,23.24,0.55,1.3
2023.75,9,22.53,0.59,9.700000000000001
2023.833333,10,23.25,0.61,12.5
2023.916667,11,23.14,0.62,17.7
2024,12,23.31,0.61,8.9
2024.083333,1,23.05,0.58,9.2
2024.166667,2,23.69,0.55,10.500000000000002
2024.25,3,23.42,0.52,13.100000000000001
2024.333333,4,23.31,0.5,8.5
2024.416667,5,22.99,0.49,8.200000000000001
2024.5,6,22.92,0.51,3.2
2024.583333,7,22.19,0.51,1.0999999999999999
2024.666667,8,22.44,0.53,2.8000000000000003
2024.75,9,22.92,0.55,10.2
2024.833333,10,23.15,0.55,11.7
2024.916667,11,23.25,0.55,14.499999999999998
2025,12,23.51,0.61,18.7
2025.083333,1,23.64,0.62,7.200000000000001
2025.166667,2,24.23,0.6,7.6
2025.25,3,24.29,0.55,14.200000000000001
2025.333333,4,23.87,0.56,14.100000000000001
2025.416667,5,23.95,0.6,11.4
2025.5,6,23.59,0.74,3.1
2025.583333,7,25.07,0.74,1.7000000000000002
2025.666667,8,26.47,0.62,2.7
2025.75,9,25.83,0.58,7.8
2025.833333,10,24.79,0.61,10.100000000000001
2025.916667,11,24.74,0.75,11.1
2026,12,25.25,0.92,3.6000000000000005
2026.083333,1,27.04,0.93,2.1999999999999997
2026.166667,2,28.38,0.72,3.4999999999999996
2026.25,3,27.19,0.6,7.7
2026.333333,4,25.03,0.6,22.400000000000002
2026.416667,5,24.89,0.6,11.7
2026.5,6,23.64,0.56,3.0000000000000004
2026.583333,7,23.5,0.54,3.6999999999999997
2026.666667,8,23.11,0.54,8
2026.75,9,23.32,0.54,8.1
2026.833333,10,23.35,0.54,12.000000000000002
2026.916667,11,22.91,0.54,10.900000000000002
2027,12,22.51,0.55,11.1
2027.083333,1,22.72,0.5,10.900000000000002
2027.166667,2,22.8,0.47,12.8
2027.25,3,23.12,0.49,19.799999999999997
2027.333333,4,23,0.5,13.899999999999999
2027.416667,5,22.4,0.51,4.7
2027.5,6,22.29,0.53,2.7
2027.583333,7,22.08,0.54,0.8
2027.666667,8,23.13,0.55,2.1999999999999997
2027.75,9,22.59,0.57,9.3
2027.833333,10,23.23,0.58,12.3
2027.916667,11,23.56,0.58,13.999999999999998
2028,12,23.08,0.58,12.000000000000002
2028.083333,1,23.35,0.57,4
2028.166667,2,23.85,0.53,9.000000000000002
2028.25,3,23.64,0.51,12.2
2028.333333,4,23.66,0.49,10
2028.416667,5,23.31,0.52,9.4
2028.5,6,23.45,0.56,3.1
2028.583333,7,23.04,0.56,1.8000000000000003
2028.666667,8,23.79,0.56,3.4999999999999996
2028.75,9,23.62,0.57,7.7
2028.833333,10,23.66,0.56,10
2028.916667,11,23.6,0.57,15
2029,12,23.66,0.68,17.3
2029.083333,1,24.38,0.72,8.7
2029.166667,2,24.82,0.64,5
2029.25,3,24.6,0.58,14.899999999999999
2029.333333,4,24.41,0.57,7.8
2029.416667,5,24.22,0.53,9.8
2029.5,6,23.84,0.54,1.8000000000000003
2029.583333,7,23.71,0.54,2.0999999999999996
2029.666667,8,24.21,0.52,1.7000000000000002
2029.75,9,24.85,0.51,5.2
2029.833333,10,23.7,0.51,11.1
2029.916667,11,23.36,0.52,13.5
2030,12,23.46,0.53,13.799999999999999
2030.083333,1,23.51,0.53,9.2
2030.166667,2,23.54,0.48,9.2
2030.25,3,23.38,0.49,15.5
2030.333333,4,23.52,0.49,15.2
2030.416667,5,22.07,0.51,3.8
2030.5,6,22.67,0.53,2.1999999999999997
2030.583333,7,22.47,0.55,1.5000000000000002
2030.666667,8,22.9,0.57,4.300000000000001
2030.75,9,23.14,0.58,9.8
2030.833333,10,23.33,0.56,10.4
2030.916667,11,23.26,0.55,13.4
2031,12,22.74,0.55,15.7
2031.083333,1,23.55,0.57,11.4
2031.166667,2,23.92,0.58,10.2
2031.25,3,24.13,0.51,11.4
2031.333333,4,24.02,0.47,13.4
2031.416667,5,23.72,0.5,10.8
2031.5,6,22.99,0.55,3.2
2031.583333,7,23.15,0.57,1.8000000000000003
2031.666667,8,23.64,0.56,3.8
2031.75,9,23.66,0.56,7.7
2031.833333,10,23.93,0.55,13.3
2031.916667,11,23.91,0.56,13.5
2032,12,23.92,0.59,6.7
2032.083333,1,24.31,0.59,2.8000000000000003
2032.166667,2,25.98,0.56,2.0999999999999996
2032.25,3,25.97,0.56,7.3
2032.333333,4,24.82,0.54,17.3
2032.416667,5,24.02,0.53,11.7
2032.5,6,23.03,0.52,2.7
2032.583333,7,22.64,0.53,2.3
2032.666667,8,22.69,0.51,7.1000000000000005
2032.75,9,22.9,0.51,10.2
2032.833333,10,23.38,0.5,12.6
2032.916667,11,23.33,0.51,14.799999999999999
2033,12,23.13,0.54,15.8
2033.083333,1,23.25,0.52,9.6
2033.166667,2,23.2,0.52,6.1
2033.25,3,23.43,0.52,16.1
2033.333333,4,23.44,0.56,12.4
2033.416667,5,23.07,0.58,11
2033.5,6,22.8,0.62,4.7
2033.583333,7,21.9,0.59,0.9000000000000001
2033.666667,8,23.42,0.57,3.0000000000000004
2033.75,9,23.59,0.57,8.7
2033.833333,10,23.6,0.56,9.700000000000001
2033.916667,11,23.47,0.56,11.9
2034,12,23.39,0.55,8.200000000000001
2034.083333,1,23.51,0.53,9.4
2034.166667,2,23.77,0.5,10.4
2034.25,3,23.89,0.48,11.7
2034.333333,4,23.9,0.51,14.200000000000001
2034.416667,5,22.91,0.52,6.6000000000000005
2034.5,6,21.69,0.56,1.8000000000000003
2034.583333,7,22.41,0.55,0.7000000000000001
2034.666667,8,23.55,0.54,2.9000000000000004
2034.75,9,23.03,0.55,8.9
2034.833333,10,23.34,0.55,9.6
2034.916667,11,23.38,0.55,16
2035,12,23.43,0.58,10.900000000000002
2035.083333,1,23.52,0.57,8.7
2035.166667,2,23.61,0.55,14.400000000000002
2035.25,3,24.12,0.51,15
2035.333333,4,23.74,0.5,15.4
2035.416667,5,23.19,0.53,8.5
2035.5,6,22.85,0.63,3.4000000000000004
2035.583333,7,23.56,0.66,1.4000000000000001
2035.666667,8,24.8,0.56,3.4999999999999996
2035.75,9,25.19,0.56,5.2
2035.833333,10,24.88,0.6,7.6
2035.916667,11,24.67,0.69,12.000000000000002
2036,12,24.45,0.86,6.000000000000001
2036.083333,1,26.12,0.99,2.1999999999999997
2036.166667,2,27.95,0.91,3.2
2036.25,3,28.16,0.73,8.9
2036.333333,4,26.2,0.66,18.5
2036.416667,5,25.46,0.69,10.100000000000001
2036.5,6,25.58,0.69,7.9
2036.583333,7,25.35,0.61,4.7
2036.666667,8,24.66,0.56,7.9
2036.75,9,24.23,0.55,11.5
2036.833333,10,23.99,0.53,12.5
2036.916667,11,23.74,0.52,13.200000000000001
2037,12,23.35,0.51,16.799999999999997
2037.083333,1,23.34,0.5,13.4
2037.166667,2,23.81,0.46,15.4
2037.25,3,23.62,0.45,18.3
2037.333333,4,22.9,0.48,18.7
2037.416667,5,22.89,0.52,8
2037.5,6,22.17,0.55,1.6
2037.583333,7,22.45,0.54,1.9
2037.666667,8,22.73,0.54,4.6
2037.75,9,22.72,0.58,10.4
2037.833333,10,23.47,0.58,13.3
2037.916667,11,23.4,0.57,16.5
2038,12,23.27,0.55,19.2
2038.083333,1,23.64,0.51,8.399999999999999
2038.166667,2,23.96,0.51,9.2
2038.25,3,23.63,0.53,15
2038.333333,4,24,0.53,14.100000000000001
2038.416667,5,23.79,0.57,11.600000000000001
2038.5,6,22.6,0.64,1.5000000000000002
2038.583333,7,23.45,0.61,1.6
2038.666667,8,25.36,0.58,2.1999999999999997
2038.75,9,25.84,0.59,3.3000000000000003
2038.833333,10,25.66,0.6,8.5
2038.916667,11,24.91,0.61,13.600000000000001
2039,12,24.91,0.74,6.2
2039.083333,1,25.74,0.82,6.4
2039.166667,2,26.92,0.77,4.500000000000001
2039.25,3,26.61,0.62,19.3
2039.333333,4,25.5,0.6,17.4
2039.416667,5,24.96,0.62,13.3
2039.5,6,24.52,0.59,3.1
2039.583333,7,24.1,0.57,4.199999999999999
2039.666667,8,23.84,0.54,5.6000000000000005
2039.75,9,23.72,0.53,8
2039.833333,10,24.22,0.51,13.699999999999998
2039.916667,11,23.74,0.5,14.3
2040,12,22.82,0.48,13.4
2040.083333,1,23.28,0.47,10.4
2040.166667,2,23.45,0.46,12.7
2040.25,3,23.52,0.47,17.7
2040.333333,4,23.24,0.51,8.799999999999999
2040.416667,5,23.11,0.59,8.200000000000001
2040.5,6,22.12,0.63,1
2040.583333,7,22.41,0.59,0.8
2040.666667,8,23.19,0.57,5.3
2040.75,9,23.86,0.59,12.6
2040.833333,10,23.96,0.58,14.6
2040.916667,11,23.82,0.57,13.999999999999998
2041,12,23.92,0.59,14.799999999999999
2041.083333,1,24.01,0.58,4.3999999999999995
2041.166667,2,24.46,0.5,7.5
2041.25,3,24.51,0.48,11.5
2041.333333,4,24.43,0.51,12.6
2041.416667,5,24.27,0.54,8.1
2041.5,6,23.62,0.53,2
2041.583333,7,23.68,0.53,2.4
2041.666667,8,23.66,0.54,3.6000000000000005
2041.75,9,24.42,0.56,7.1000000000000005
2041.833333,10,24.22,0.55,11.299999999999999
2041.916667,11,23.85,0.55,13.799999999999999
2042,12,23.46,0.57,9.5
2042.083333,1,24.44,0.59,10.500000000000002
2042.166667,2,24.43,0.53,9.700000000000001
2042.25,3,24.42,0.49,13.799999999999999
2042.333333,4,24.2,0.49,11
2042.416667,5,23.99,0.53,11.4
2042.5,6,23.05,0.55,3.3000000000000003
2042.583333,7,23.3,0.54,1.5000000000000002
2042.666667,8,23.69,0.53,2.5
2042.75,9,23.69,0.54,6.800000000000001
2042.833333,10,23.85,0.53,10.8
2042.916667,11,23.91,0.53,11.1
2043,12,23.88,0.54,6.8999999999999995
2043.083333,1,23.97,0.53,2.9000000000000004
2043.166667,2,24.42,0.53,11.1
2043.25,3,24.5,0.48,12.3
2043.333333,4,23.83,0.48,12.000000000000002
2043.416667,5,23.07,0.49,6.3
2043.5,6,23.27,0.57,2.3
2043.583333,7,23.7,0.59,2.5
2043.666667,8,25.3,0.57,2
2043.75,9,24.21,0.57,6.999999999999999
2043.833333,10,24.16,0.58,10.6
2043.916667,11,24.22,0.59,10.8
2044,12,24.31,0.64,12.5
2044.083333,1,24.67,0.64,7.3
2044.166667,2,25.07,0.62,12.6
2044.25,3,24.97,0.57,10.6
2044.333333,4,24.89,0.53,12.999999999999998
2044.416667,5,24.75,0.55,8.399999999999999
2044.5,6,23.4,0.56,1.5000000000000002
2044.583333,7,24.42,0.61,1.2
2044.666667,8,25.45,0.57,1.8000000000000003
2044.75,9,25.32,0.53,5.800000000000001
2044.833333,10,25.3,0.55,7.1000000000000005
2044.916667,11,24.4,0.58,14.100000000000001
2045,12,24.79,0.64,9.6
2045.083333,1,25.12,0.63,5.7
2045.166667,2,26.29,0.6,4.6
2045.25,3,25.17,0.53,15.299999999999999
2045.333333,4,24.63,0.53,15.299999999999999
2045.416667,5,24.57,0.57,8.5
2045.5,6,23.5,0.59,2
2045.583333,7,24.68,0.6,3.3000000000000003
2045.666667,8,24.93,0.55,3.6999999999999997
2045.75,9,24.68,0.55,7.3999999999999995
2045.833333,10,24.79,0.55,8.9
2045.916667,11,24.35,0.58,15.7
2046,12,24.53,0.62,17.7
2046.083333,1,24.44,0.64,15.299999999999999
2046.166667,2,24.6,0.58,6.3
2046.25,3,24.48,0.55,14.899999999999999
2046.333333,4,24.35,0.52,12.3
2046.416667,5,23.96,0.53,10.500000000000002
2046.5,6,23.28,0.57,2.3
2046.583333,7,23.59,0.57,3.6999999999999997
2046.666667,8,23.96,0.55,4
2046.75,9,23.76,0.54,9.5
2046.833333,10,24.11,0.53,11.200000000000001
2046.916667,11,23.98,0.54,15.2
2047,12,23.58,0.54,15.4
2047.083333,1,23.54,0.51,11.600000000000001
2047.166667,2,24.09,0.51,8.1
2047.25,3,24.38,0.5,11.9
2047.333333,4,24.49,0.55,19.799999999999997
2047.416667,5,23.19,0.55,3.9
2047.5,6,22.95,0.56,1.8000000000000003
2047.583333,7,23.29,0.57,2.4
2047.666667,8,24.17,0.56,2.3
2047.75,9,23.98,0.58,7.6
2047.833333,10,24.39,0.59,11.1
2047.916667,11,24.37,0.6,13.5
2048,12,24.51,0.65,14.499999999999998
2048.083333,1,24.95,0.63,8.1
2048.166667,2,25.45,0.6,5.1
2048.25,3,25.05,0.55,15.100000000000001
2048.333333,4,24.69,0.53,12.7
2048.416667,5,23.64,0.52,7.8
2048.5,6,23.17,0.55,3.4999999999999996
2048.583333,7,23.44,0.58,1.5000000000000002
2048.666667,8,24.65,0.54,3.2
2048.75,9,24.14,0.52,6.6000000000000005
2048.833333,10,24.02,0.51,11.299999999999999
2048.916667,11,24.21,0.53,14.499999999999998
2049,12,23.34,0.53,15.8
2049.083333,1,23.96,0.52,12.2
2049.166667,2,24.3,0.51,11.5
2049.25,3,24.16,0.5,16.7
2049.333333,4,23.96,0.52,16.2
2049.416667,5,23.52,0.56,7.6
2049.5,6,23.1,0.6,1.7000000000000002
2049.583333,7,23.14,0.56,2.6
2049.666667,8,23.79,0.56,4
2049.75,9,23.6,0.56,7.3999999999999995
2049.833333,10,23.68,0.58,9.5
2049.916667,11,23.74,0.61,15.7
2050,12,23.55,0.64,10.7
2050.083333,1,24.53,0.62,10.100000000000001
2050.166667,2,24.9,0.61,9.6
2050.25,3,24.89,0.6,11.9
2050.333333,4,25.04,0.65,16.1
2050.416667,5,24.12,0.65,9.4
2050.5,6,24.04,0.67,2.7
2050.583333,7,25.37,0.66,3.3000000000000003
2050.666667,8,25.64,0.58,2.4
2050.75,9,25.67,0.57,6.3
2050.833333,10,25.13,0.54,10.2
2050.916667,11,24.59,0.55,13.4
2051,12,24.54,0.62,8.3
2051.083333,1,25.39,0.66,4
2051.166667,2,26.52,0.7,3.8
2051.25,3,25.55,0.65,11.7
2051.333333,4,25.56,0.64,19
2051.416667,5,25.96,0.63,9.000000000000002
2051.5,6,25.48,0.6,2.0999999999999996
2051.583333,7,25.15,0.59,2.6
2051.666667,8,24.04,0.54,8.200000000000001
2051.75,9,24.27,0.52,11.600000000000001
2051.833333,10,24.54,0.52,10.900000000000002
2051.916667,11,24.33,0.51,11.4
2052,12,23.51,0.5,15.6
2052.083333,1,23.48,0.51,13.600000000000001
2052.166667,2,23.8,0.48,16.5
2052.25,3,24,0.49,16
2052.333333,4,23.59,0.47,14.200000000000001
2052.416667,5,23.69,0.52,8.200000000000001
2052.5,6,22.73,0.56,5.7
2052.583333,7,22.28,0.56,1.4000000000000001
2052.666667,8,23.58,0.59,2.0999999999999996
2052.75,9,23.51,0.6,8.600000000000001
2052.833333,10,24.06,0.59,14.200000000000001
2052.916667,11,24.38,0.55,16
2053,12,23.72,0.56,13.799999999999999
2053.083333,1,24.38,0.54,6.6000000000000005
2053.166667,2,24.56,0.5,5.7
2053.25,3,24.8,0.51,14.200000000000001
2053.333333,4,24.49,0.51,18.6
2053.416667,5,24.19,0.58,5.6000000000000005
2053.5,6,23.55,0.61,1.0999999999999999
2053.583333,7,24.63,0.59,1.0999999999999999
2053.666667,8,25.07,0.57,3.8
2053.75,9,24.92,0.55,6.1
2053.833333,10,24.95,0.57,10.299999999999999
2053.916667,11,24.85,0.6,10.8
2054,12,24.98,0.64,10.6
2054.083333,1,25.47,0.66,5.4
2054.166667,2,26.18,0.62,7.9
2054.25,3,25.94,0.55,11.200000000000001
2054.333333,4,25.49,0.52,12.3
2054.416667,5,25.22,0.55,6.8999999999999995
2054.5,6,25.09,0.63,4
2054.583333,7,25.21,0.58,3.6999999999999997
2054.666667,8,24.97,0.56,4
2054.75,9,25.08,0.55,8.3
2054.833333,10,24.69,0.55,9.5
2054.916667,11,24.77,0.57,18.4
2055,12,24.31,0.59,12.7
2055.083333,1,24.6,0.56,10.500000000000002
2055.166667,2,24.88,0.52,14.400000000000002
2055.25,3,24.83,0.5,14.100000000000001
2055.333333,4,24.83,0.5,16.9
2055.416667,5,23.86,0.51,15
2055.5,6,23.11,0.54,5.2
2055.583333,7,22.57,0.54,1.5000000000000002
2055.666667,8,23.31,0.55,5.4
2055.75,9,23.47,0.53,9.6
2055.833333,10,23.9,0.54,13.699999999999998
2055.916667,11,23.73,0.55,13.3
2056,12,23.28,0.55,12.7
2056.083333,1,23.22,0.51,17.200000000000003
2056.166667,2,23.88,0.51,13.999999999999998
2056.25,3,24.08,0.52,17.3
2056.333333,4,23.89,0.57,15.2
2056.416667,5,23.91,0.61,8.200000000000001
2056.5,6,23.05,0.58,3.6999999999999997
2056.583333,7,22.98,0.56,1
2056.666667,8,24.81,0.56,2.1999999999999997
2056.75,9,25.17,0.57,5.4
2056.833333,10,24.63,0.57,13.799999999999999
2056.916667,11,24.51,0.57,12.8
2057,12,24.31,0.58,13.999999999999998
2057.083333,1,24.89,0.6,7.5
2057.166667,2,25.07,0.58,12.7
2057.25,3,25.1,0.55,15.9
2057.333333,4,25.31,0.51,10.8
2057.416667,5,24.47,0.54,6.000000000000001
2057.5,6,23.89,0.61,3.2
2057.583333,7,24.45,0.65,3.1
2057.666667,8,25.16,0.58,4.7
2057.75,9,25.01,0.57,7.7
2057.833333,10,24.74,0.56,10.2
2057.916667,11,24.61,0.57,15.2
2058,12,24.53,0.57,14.7
2058.083333,1,24.62,0.59,14.200000000000001
2058.166667,2,25.06,0.61,14.400000000000002
2058.25,3,25.46,0.62,25.6
2058.333333,4,25.43,0.63,12.4
2058.416667,5,25.42,0.6,10.100000000000001
2058.5,6,25.19,0.57,4.199999999999999
2058.583333,7,24.93,0.6,2.8000000000000003
2058.666667,8,24.94,0.57,4.500000000000001
2058.75,9,24.64,0.52,9.3
2058.833333,10,24.53,0.51,9.000000000000002
2058.916667,11,24.53,0.54,14.899999999999999
2059,12,24.03,0.56,16.7
2059.083333,1,24.01,0.54,12.5
2059.166667,2,24.19,0.5,16.7
2059.25,3,24.02,0.48,15.299999999999999
2059.333333,4,23.76,0.47,15.7
2059.416667,5,22.85,0.48,4.6
2059.5,6,22.72,0.49,1.8000000000000003
2059.583333,7,22.31,0.51,1.3
2059.666667,8,23.28,0.51,3.3000000000000003
2059.75,9,23.34,0.53,7.3999999999999995
2059.833333,10,23.73,0.54,9.6
2059.916667,11,23.56,0.53,12.3
2060,12,23.11,0.52,11.799999999999999
2060.083333,1,23.69,0.52,12.000000000000002
2060.166667,2,24.21,0.51,13.899999999999999
2060.25,3,24.53,0.54,14.200000000000001
2060.333333,4,24.38,0.58,14.6
2060.416667,5,23.68,0.6,5.5
2060.5,6,23.74,0.64,2.1999999999999997
2060.583333,7,24.11,0.61,1.3
2060.666667,8,24.65,0.57,3.2
2060.75,9,24.45,0.55,8.399999999999999
2060.833333,10,24.71,0.54,11.299999999999999
2060.916667,11,24.65,0.53,16.1
2061,12,24.03,0.52,12.9
2061.083333,1,24.41,0.55,10.4
2061.166667,2,25.03,0.53,6.7
2061.25,3,24.91,0.51,14.6
2061.333333,4,24.75,0.5,11.9
2061.416667,5,24.41,0.51,6.800000000000001
2061.5,6,24.22,0.54,4.6
2061.583333,7,24.05,0.56,1.8000000000000003
2061.666667,8,24.43,0.55,2
2061.75,9,24.37,0.54,7.3
2061.833333,10,24.39,0.52,11.5
2061.916667,11,24.79,0.52,12.9
2062,12,24.08,0.51,10.900000000000002
2062.083333,1,24.44,0.51,9.8
2062.166667,2,25.21,0.5,6.499999999999999
2062.25,3,24.92,0.48,14.3
2062.333333,4,24.6,0.5,17.7
2062.416667,5,24.19,0.53,8.799999999999999
2062.5,6,24.16,0.55,2.6
2062.583333,7,23.79,0.57,1.7000000000000002
2062.666667,8,24.57,0.55,2.9000000000000004
2062.75,9,24.69,0.55,8.9
2062.833333,10,24.58,0.56,14.6
2062.916667,11,24.58,0.57,13.100000000000001
2063,12,24.67,0.6,18.6
2063.083333,1,24.7,0.6,14.200000000000001
2063.166667,2,24.95,0.55,11.600000000000001
2063.25,3,25.09,0.53,18.000000000000004
2063.333333,4,25.41,0.55,14.100000000000001
2063.416667,5,25.04,0.64,9.5
2063.5,6,25.22,0.74,7.6
2063.583333,7,26.01,0.81,2.4
2063.666667,8,27.61,0.71,2.9000000000000004
2063.75,9,28.78,0.64,3.1
2063.833333,10,27.1,0.61,8.9
2063.916667,11,26.11,0.66,11.1
2064,12,26.43,0.86,5.800000000000001
2064.083333,1,28.16,0.79,2
2064.166667,2,28.61,0.6,3.4999999999999996
2064.25,3,26.48,0.54,18.1
2064.333333,4,25.75,0.53,19.7
2064.416667,5,24.74,0.55,11.7
2064.5,6,24.32,0.52,3.9
2064.583333,7,23.69,0.52,2.3
2064.666667,8,23.87,0.53,6.499999999999999
2064.75,9,24.32,0.53,12.5
2064.833333,10,24.66,0.52,14.7
2064.916667,11,23.83,0.53,17
2065,12,23.26,0.53,9.700000000000001
2065.083333,1,24.35,0.5,12.6
2065.166667,2,24.46,0.47,13.4
2065.25,3,24.21,0.48,13.200000000000001
2065.333333,4,24.6,0.52,16.400000000000002
2065.416667,5,24.3,0.59,15
2065.5,6,23.23,0.59,5.8999999999999995
2065.583333,7,21.81,0.56,0.5
2065.666667,8,23.87,0.55,2.3
2065.75,9,24.74,0.56,7.3999999999999995
2065.833333,10,24.44,0.54,11.600000000000001
2065.916667,11,24.87,0.53,16.2
2066,12,24.34,0.53,16.7
2066.083333,1,24.39,0.51,11.5
2066.166667,2,24.82,0.49,10.7
2066.25,3,25.16,0.49,13.999999999999998
2066.333333,4,24.66,0.53,15
2066.416667,5,24.35,0.56,7.6
2066.5,6,24.12,0.61,1.6
2066.583333,7,25.04,0.61,1.9
2066.666667,8,25.71,0.57,2.1999999999999997
2066.75,9,25.63,0.56,5.4
2066.833333,10,25.66,0.56,8
2066.916667,11,25.1,0.57,14.400000000000002
2067,12,25.18,0.62,11.600000000000001
2067.083333,1,26.15,0.64,2.5
2067.166667,2,26.7,0.57,2.8000000000000003
2067.25,3,26.28,0.52,11.799999999999999
2067.333333,4,25.84,0.5,11.7
2067.416667,5,24.93,0.5,10.900000000000002
2067.5,6,24.15,0.52,1.4000000000000001
2067.583333,7,23.98,0.53,3.6000000000000005
2067.666667,8,24.58,0.53,5.2
2067.75,9,24.48,0.52,9.899999999999999
2067.833333,10,25.07,0.53,11.9
2067.916667,11,24.75,0.52,13.699999999999998
2068,12,23.97,0.51,10.2
2068.083333,1,24.36,0.5,9.2
2068.166667,2,25.14,0.49,13.600000000000001
2068.25,3,24.73,0.5,15.100000000000001
2068.333333,4,24.71,0.55,11.200000000000001
2068.416667,5,24.79,0.59,7.200000000000001
2068.5,6,23.74,0.58,2.8000000000000003
2068.583333,7,24.27,0.59,0.9000000000000001
2068.666667,8,25.65,0.58,1.9
2068.75,9,25.75,0.59,6.8999999999999995
2068.833333,10,25.55,0.59,11.799999999999999
2068.916667,11,25.5,0.59,16.799999999999997
2069,12,25.34,0.61,10.299999999999999
2069.083333,1,25.45,0.6,7.200000000000001
2069.166667,2,25.76,0.55,8.7
2069.25,3,25.41,0.52,17.8
2069.333333,4,25.16,0.56,13.799999999999999
2069.416667,5,25.33,0.62,7.200000000000001
2069.5,6,25.07,0.63,2.1999999999999997
2069.583333,7,25.8,0.62,4.8
2069.666667,8,25.66,0.61,6.499999999999999
2069.75,9,25.95,0.64,8.600000000000001
2069.833333,10,26.16,0.68,10.900000000000002
2069.916667,11,26.46,0.73,12.6
2070,12,26.74,0.8,8.9
2070.083333,1,26.9,0.75,3.2
2070.166667,2,27.69,0.65,5.800000000000001
2070.25,3,27.05,0.56,13.100000000000001
2070.333333,4,26.63,0.57,17.4
2070.416667,5,26.26,0.61,12.3
2070.5,6,25.58,0.61,2.5
2070.583333,7,24.7,0.57,4.7
2070.666667,8,24.46,0.55,8.399999999999999
2070.75,9,24.52,0.54,7.6
2070.833333,10,24.66,0.54,10.7
2070.916667,11,24.52,0.53,15.100000000000001
2071,12,23.51,0.53,15
2071.083333,1,24.24,0.54,15.9
2071.166667,2,24.23,0.52,17
2071.25,3,24.21,0.52,17.4
2071.333333,4,24.48,0.53,18.3
2071.416667,5,24.51,0.54,7.3
2071.5,6,23.54,0.54,1.2
2071.583333,7,23.82,0.55,1.8000000000000003
2071.666667,8,24.36,0.56,5.5
2071.75,9,24.55,0.56,9.5
2071.833333,10,24.96,0.54,12.1
2071.916667,11,24.84,0.52,11.5
2072,12,24.06,0.53,14.3
2072.083333,1,24.95,0.54,11.1
2072.166667,2,25.06,0.52,10.7
2072.25,3,25.04,0.52,15.9
2072.333333,4,25.04,0.52,22.8
2072.416667,5,24.2,0.55,6.3
2072.5,6,24.22,0.55,1.6
2072.583333,7,24.14,0.56,1.3
2072.666667,8,25.56,0.56,1.4000000000000001
2072.75,9,25.18,0.56,7.1000000000000005
2072.833333,10,25.15,0.56,10.100000000000001
2072.916667,11,25.13,0.55,11.7
2073,12,24.66,0.55,14.799999999999999
2073.083333,1,25.21,0.58,8.5
2073.166667,2,25.81,0.57,7.7
2073.25,3,25.8,0.52,10.2
2073.333333,4,25.85,0.51,12.1
2073.416667,5,24.83,0.51,8.600000000000001
2073.5,6,24.71,0.54,3.4999999999999996
2073.583333,7,24.45,0.55,2.6
2073.666667,8,25.21,0.56,3.4000000000000004
2073.75,9,25.56,0.54,5.2
2073.833333,10,25.49,0.56,9.8
2073.916667,11,25.09,0.56,12.999999999999998
2074,12,24.9,0.57,19.3
2074.083333,1,25.17,0.57,10.299999999999999
2074.166667,2,25.62,0.53,9.6
2074.25,3,25.48,0.5,10.6
2074.333333,4,25.12,0.5,26.8
2074.416667,5,23.61,0.51,5.4
2074.5,6,23.86,0.52,4.7
2074.583333,7,23.83,0.52,2.1999999999999997
2074.666667,8,23.73,0.53,6.8999999999999995
2074.75,9,24.25,0.55,10.100000000000001
2074.833333,10,24.92,0.54,9.1
2074.916667,11,24.89,0.53,16.2
2075,12,24.78,0.54,13.699999999999998
2075.083333,1,24.94,0.54,10.8
2075.166667,2,25.23,0.54,10.4
2075.25,3,24.83,0.53,12.999999999999998
2075.333333,4,25.23,0.54,9.000000000000002
2075.416667,5,25.19,0.55,4.6
2075.5,6,25.3,0.57,3.0000000000000004
2075.583333,7,24.26,0.58,3.9
2075.666667,8,24.34,0.57,8.1
2075.75,9,25.09,0.58,10.100000000000001
2075.833333,10,25.45,0.56,10.7
2075.916667,11,25.67,0.58,13.4
2076,12,25.5,0.58,11.799999999999999
2076.083333,1,25.55,0.56,7.9
2076.166667,2,25.3,0.52,9.1
2076.25,3,25.7,0.5,13.3
2076.333333,4,25.42,0.48,12.5
2076.416667,5,24.56,0.5,5.1
2076.5,6,23.77,0.52,1.4000000000000001
2076.583333,7,23.85,0.52,3.0000000000000004
2076.666667,8,23.82,0.53,6.000000000000001
2076.75,9,24.4,0.54,9.5
2076.833333,10,24.89,0.55,11
2076.916667,11,25.08,0.55,16.5
2077,12,24.76,0.56,12.5
2077.083333,1,25.07,0.56,12.8
2077.166667,2,25.35,0.52,10.500000000000002
2077.25,3,24.73,0.52,14.499999999999998
2077.333333,4,24.91,0.54,9.8
2077.416667,5,25.09,0.58,9.700000000000001
2077.5,6,25.07,0.58,4.3999999999999995
2077.583333,7,24.76,0.6,3.4000000000000004
2077.666667,8,25.2,0.59,3.9
2077.75,9,25.38,0.59,6.6000000000000005
2077.833333,10,25.3,0.6,11.4
2077.916667,11,25.93,0.64,15.100000000000001
2078,12,26.08,0.67,13.600000000000001
2078.083333,1,26.17,0.67,6.499999999999999
2078.166667,2,26.26,0.62,7.1000000000000005
2078.25,3,26.54,0.61,11
2078.333333,4,25.94,0.61,13.799999999999999
2078.416667,5,26.43,0.63,19.799999999999997
2078.5,6,26.06,0.65,6.000000000000001
2078.583333,7,25.7,0.64,1.4000000000000001
2078.666667,8,25.79,0.58,7.1000000000000005
2078.75,9,25.56,0.56,11.200000000000001
2078.833333,10,25.45,0.54,12.7
2078.916667,11,25.26,0.52,13.600000000000001
2079,12,24.35,0.52,11.9
2079.083333,1,24.77,0.51,9.1
2079.166667,2,25.26,0.51,9.899999999999999
2079.25,3,25.29,0.49,11.600000000000001
2079.333333,4,24.86,0.5,18.000000000000004
2079.416667,5,24.54,0.53,6.4
2079.5,6,24.34,0.55,2.3
2079.583333,7,23.86,0.57,1.2
2079.666667,8,24.68,0.58,5.8999999999999995
2079.75,9,24.92,0.58,11.600000000000001
2079.833333,10,25.14,0.57,11.7
2079.916667,11,25.04,0.58,11.299999999999999
2080,12,25.07,0.58,16.799999999999997
2080.083333,1,25.42,0.55,11
2080.166667,2,25.28,0.54,13.999999999999998
2080.25,3,25.64,0.54,14.100000000000001
2080.333333,4,25.48,0.54,14.200000000000001
2080.416667,5,25,0.54,5.6000000000000005
2080.5,6,25.15,0.58,3.4999999999999996
2080.583333,7,25.17,0.6,2.4
2080.666667,8,25.8,0.6,5.5
2080.75,9,25.61,0.6,7.1000000000000005
2080.833333,10,25.93,0.62,11.299999999999999
2080.916667,11,25.95,0.64,15.4
2081,12,26.36,0.7,11.7
2081.083333,1,26.34,0.66,10.7
2081.166667,2,26.58,0.68,8.1
2081.25,3,26.98,0.61,12.9
2081.333333,4,26.4,0.56,11.799999999999999
2081.416667,5,26.11,0.55,10.8
2081.5,6,25.29,0.58,3.2
2081.583333,7,25.14,0.64,1.3
2081.666667,8,25.9,0.59,4.1000000000000005
2081.75,9,25.52,0.55,10.6
2081.833333,10,25.69,0.54,13.3
2081.916667,11,25.46,0.55,14.400000000000002
2082,12,24.98,0.55,15.299999999999999
2082.083333,1,25.36,0.55,13.3
2082.166667,2,25.82,0.55,9.2
2082.25,3,25.8,0.55,16.3
2082.333333,4,25.78,0.59,15.8
2082.416667,5,25.22,0.57,7.7
2082.5,6,25.03,0.59,3.0000000000000004
2082.583333,7,24.93,0.6,1.3
2082.666667,8,25.37,0.59,5.5
2082.75,9,25.28,0.57,8.600000000000001
2082.833333,10,25.37,0.56,10
2082.916667,11,25.35,0.55,12.2
2083,12,24.99,0.55,14.6
2083.083333,1,25.55,0.54,10.500000000000002
2083.166667,2,25.45,0.52,8.799999999999999
2083.25,3,25.36,0.52,16.5
2083.333333,4,25.68,0.54,13.5
2083.416667,5,24.7,0.56,5.1
2083.5,6,24.85,0.59,2.3
2083.583333,7,25.18,0.6,1.7000000000000002
2083.666667,8,25.71,0.57,2.1999999999999997
2083.75,9,25.15,0.55,9.2
2083.833333,10,25.46,0.54,11.7
2083.916667,11,25.29,0.53,16.5
2084,12,25.11,0.53,12.6
2084.083333,1,25.18,0.53,9.5
2084.166667,2,25.88,0.53,8
2084.25,3,25.84,0.49,15.9
2084.333333,4,25.18,0.51,12.6
2084.416667,5,25.31,0.52,4.8
2084.5,6,24.79,0.52,5
2084.583333,7,24.53,0.54,2.6
2084.666667,8,24.54,0.54,5.6000000000000005
2084.75,9,24.91,0.54,8.7
2084.833333,10,25.42,0.53,10.900000000000002
2084.916667,11,25.45,0.54,13.4
2085,12,25.28,0.55,9.1
2085.083333,1,25.76,0.57,8.799999999999999
2085.166667,2,25.38,0.55,16.2
2085.25,3,25.08,0.52,17.3
2085.333333,4,25.3,0.52,19.6
2085.416667,5,25.34,0.57,10.2
2085.5,6,25.34,0.61,2.4
2085.583333,7,25.47,0.61,2.6
2085.666667,8,25.95,0.6,2.7
2085.75,9,25.83,0.58,7.1000000000000005
2085.833333,10,26.13,0.57,11.299999999999999
2085.916667,11,25.82,0.57,18.6
2086,12,25.8,0.6,13.4
2086.083333,1,25.78,0.6,12.5
2086.166667,2,26.18,0.53,15.6
2086.25,3,25.67,0.5,16.799999999999997
2086.333333,4,25.41,0.52,15.6
2086.416667,5,25.16,0.58,6.1
2086.5,6,25.44,0.61,4.8
2086.583333,7,25.69,0.64,1.7000000000000002
2086.666667,8,26.23,0.59,3.0000000000000004
2086.75,9,25.87,0.57,6.6000000000000005
2086.833333,10,25.71,0.56,11.299999999999999
2086.916667,11,25.73,0.57,12.000000000000002
2087,12,25.33,0.57,18.4
2087.083333,1,25.58,0.56,8.3
2087.166667,2,25.68,0.55,10.900000000000002
2087.25,3,25.49,0.52,14.799999999999999
2087.333333,4,25.66,0.52,12.6
2087.416667,5,24.95,0.52,8.3
2087.5,6,25.25,0.56,2.3
2087.583333,7,25.23,0.58,1.6
2087.666667,8,25.18,0.59,5.5
2087.75,9,25.14,0.58,9.2
2087.833333,10,25.78,0.55,9.4
2087.916667,11,25.65,0.54,12.7
2088,12,25.15,0.54,16.400000000000002
2088.083333,1,25.09,0.51,11.299999999999999
2088.166667,2,26.14,0.52,10.299999999999999
2088.25,3,25.68,0.53,15.7
2088.333333,4,26.17,0.57,12.000000000000002
2088.416667,5,25.59,0.65,15.8
2088.5,6,25.73,0.71,4.300000000000001
2088.583333,7,26.36,0.65,2
2088.666667,8,26.21,0.59,6.800000000000001
2088.75,9,26.3,0.56,8.399999999999999
2088.833333,10,25.7,0.53,10.8
2088.916667,11,25.49,0.53,18.4
2089,12,25.5,0.54,13.100000000000001
2089.083333,1,25.62,0.56,12.7
2089.166667,2,25.62,0.54,13.100000000000001
2089.25,3,25.54,0.51,16.5
2089.333333,4,25.94,0.49,17.4
2089.416667,5,25.6,0.55,14.499999999999998
2089.5,6,25.04,0.6,1.8000000000000003
2089.583333,7,24.96,0.63,1.6
2089.666667,8,26.05,0.6,3.3000000000000003
2089.75,9,26.23,0.57,6.4
2089.833333,10,25.81,0.55,10.4
2089.916667,11,25.61,0.54,15.8
2090,12,25.74,0.55,12.000000000000002
2090.083333,1,25.46,0.55,11.4
2090.166667,2,25.74,0.53,12.000000000000002
2090.25,3,26.19,0.48,12.9
2090.333333,4,25.98,0.51,16.400000000000002
2090.416667,5,25.7,0.54,14.899999999999999
2090.5,6,25.28,0.6,3.4999999999999996
2090.583333,7,25.28,0.61,2.8000000000000003
2090.666667,8,25.89,0.58,4.300000000000001
2090.75,9,25.73,0.57,9.6
2090.833333,10,25.54,0.57,12.999999999999998
2090.916667,11,25.52,0.55,16.799999999999997
2091,12,25.45,0.58,17
2091.083333,1,25.79,0.61,12.5
2091.166667,2,26.11,0.56,7.6
2091.25,3,25.89,0.51,13.5
2091.333333,4,26.06,0.54,21.9
2091.416667,5,25.04,0.56,8.200000000000001
2091.5,6,25.58,0.59,3.8
2091.583333,7,25.38,0.58,2.0999999999999996
2091.666667,8,26.15,0.57,3.9
2091.75,9,25.61,0.55,9.899999999999999
2091.833333,10,25.72,0.53,12.5
2091.916667,11,25.45,0.52,13.100000000000001
2092,12,24.82,0.51,13.600000000000001
2092.083333,1,24.67,0.51,14.899999999999999
2092.166667,2,25.53,0.52,14.6
2092.25,3,25.49,0.54,16.400000000000002
2092.333333,4,25.43,0.56,10
2092.416667,5,25.53,0.63,7.5
2092.5,6,25.84,0.65,2.4
2092.583333,7,25.84,0.63,1.3
2092.666667,8,26.74,0.59,3.4000000000000004
2092.75,9,26.75,0.58,5
2092.833333,10,26.32,0.54,8.600000000000001
2092.916667,11,25.97,0.55,14.899999999999999
2093,12,25.8,0.58,14.3
2093.083333,1,26.3,0.58,6.8999999999999995
2093.166667,2,26.09,0.56,17.599999999999998
2093.25,3,25.92,0.54,20.900000000000002
2093.333333,4,25.97,0.57,18.7
2093.416667,5,26,0.55,9.3
2093.5,6,25.58,0.55,2.9000000000000004
2093.583333,7,25.26,0.58,1.8000000000000003
2093.666667,8,25.48,0.56,5
2093.75,9,25.69,0.56,6.7
2093.833333,10,25.63,0.56,10.6
2093.916667,11,25.85,0.55,12.9
2094,12,25.59,0.52,15.100000000000001
2094.083333,1,25.54,0.51,7.9
2094.166667,2,25.97,0.5,12.999999999999998
2094.25,3,25.54,0.5,13.200000000000001
2094.333333,4,25.92,0.52,12.000000000000002
2094.416667,5,25.36,0.53,6.6000000000000005
2094.5,6,25.15,0.56,2.1999999999999997
2094.583333,7,24.97,0.56,1.9
2094.666667,8,26.06,0.56,2.1999999999999997
2094.75,9,25.39,0.53,8.1
2094.833333,10,25.77,0.54,9.1
2094.916667,11,25.63,0.53,10.100000000000001
2095,12,25.47,0.52,15.8
2095.083333,1,25.38,0.5,10.900000000000002
2095.166667,2,25.86,0.52,12.9
2095.25,3,26.11,0.53,13.200000000000001
2095.333333,4,25.85,0.53,14.6
2095.416667,5,25.16,0.54,5
2095.5,6,24.23,0.55,2.8000000000000003
2095.583333,7,24.48,0.58,3.0000000000000004
2095.666667,8,25.59,0.57,3.4999999999999996
2095.75,9,25.64,0.56,9.2
2095.833333,10,25.99,0.56,8.3
2095.916667,11,25.72,0.57,16.7
2096,12,25.92,0.62,18.6
2096.083333,1,26.14,0.61,13.600000000000001
2096.166667,2,26.64,0.59,10.299999999999999
2096.25,3,26.62,0.58,16.799999999999997
2096.333333,4,26.19,0.54,13.600000000000001
2096.416667,5,25.13,0.53,6.999999999999999
2096.5,6,25.52,0.55,2.9000000000000004
2096.583333,7,24.51,0.59,3.6000000000000005
2096.666667,8,25.67,0.57,3.1
2096.75,9,25.84,0.55,9.5
2096.833333,10,26,0.56,10.500000000000002
2096.916667,11,26.08,0.57,12.3
2097,12,25.95,0.59,17.7
2097.083333,1,26.42,0.64,11.600000000000001
2097.166667,2,26.9,0.63,8.200000000000001
2097.25,3,27.02,0.6,10.100000000000001
2097.333333,4,26.63,0.62,15.299999999999999
2097.416667,5,26.67,0.63,8.1
2097.5,6,26.61,0.66,11.200000000000001
2097.583333,7,25.95,0.64,1.5000000000000002
2097.666667,8,26.55,0.6,4
2097.75,9,26.53,0.57,6.7
2097.833333,10,26.49,0.56,10.100000000000001
2097.916667,11,26.41,0.57,12.2
2098,12,26.28,0.6,15.6
2098.083333,1,26.97,0.66,9.4
2098.166667,2,26.82,0.62,13.100000000000001
2098.25,3,26.8,0.56,15.100000000000001
2098.333333,4,26.46,0.53,17
2098.416667,5,26.23,0.55,9.3
2098.5,6,25.91,0.6,5.3
2098.583333,7,25.8,0.61,3.4999999999999996
2098.666667,8,26.47,0.59,3.8
2098.75,9,26.29,0.58,5.5
2098.833333,10,26.26,0.56,9.8
2098.916667,11,26.45,0.56,11.299999999999999
2099,12,25.66,0.55,16.3
2099.083333,1,25.93,0.57,13.3
2099.166667,2,26.13,0.54,11
2099.25,3,26.17,0.52,15.299999999999999
2099.333333,4,25.97,0.53,15.9
2099.416667,5,25.71,0.57,6.3
2099.5,6,25.4,0.59,1.0999999999999999
2099.583333,7,25.94,0.6,5.4
2099.666667,8,25.89,0.6,5.5
2099.75,9,26.35,0.58,7.1000000000000005
2099.833333,10,26.2,0.56,12.2
2099.916667,11,25.89,0.58,12.7
2100,12,26.45,0.59,6.800000000000001
2100.083333,1,26.42,0.58,9.1
2100.166667,2,27.19,0.59,3.6000000000000005
2100.25,3,27.12,0.56,18.1
2100.333333,4,26.05,0.56,16.1
2100.416667,5,25.94,0.54,13.699999999999998
2100.5,6,25.52,0.55,6.800000000000001
2100.583333,7,25.19,0.56,2.1999999999999997
2100.666667,8,25.92,0.55,3.6000000000000005
2100.75,9,25.97,0.53,7.6
2100.833333,10,25.72,0.54,11.4
2100.916667,11,25.57,0.55,14.799999999999999
2101,12,25.87,0.59,22.599999999999998
